Source,Sum Sq.,d.f.,Singular?,Mean Sq.,F,Prob>F
TR,0.0586103185900324,1,0,0.0586103185900324,0.769338639082337,0.38050992010726
fMRI Noise,5.9027441818612,2,0,2.9513720909306,38.7406969026149,2.76825839748369e-17
Trial Length,0.17324435561282,1,0,0.17324435561282,2.27406333871268,0.131686807138411
TR*fMRI Noise,0.172300511759337,2,0,0.0861502558796685,1.13083706435151,0.322935676882592
TR*Trial Length,0.549898264550803,1,0,0.549898264550803,7.21814848751225,0.00726700496600672
fMRI Noise*Trial Length,0.0855706961913008,2,0,0.0427853480956504,0.561614785048612,0.570362702709997
Error,182.000544361846,2389,0,0.0761827310011915,,
Total,188.945291997298,2398,0,,,
