slope,semiSat,beta,sigma,maxBOLD
0.439343246682999,0.569339209142725,0.999,0.5,1.53589129593587
