slope,semiSat,beta,sigma,maxBOLD
0.287788853569594,0.576115473802185,0.999485571833211,0.770426762712304,1.94473146342475
