slope,semiSat,beta,sigma,maxBOLD
0.580157237600329,0.564367477384728,1.00015111708999,0.817612828988786,1.13220904011072
