slope,semiSat,beta,sigma,maxBOLD
0.582091708159642,0.556278177517013,1.0003196408501,0.746209210414236,1.31456641199325
