slope,semiSat,beta,sigma,maxBOLD
0.462696948237721,0.562174537250907,0.999466919968138,0.742264195228927,1.16972098119947
