slope,semiSat,beta,sigma,maxBOLD
0.495859260714503,0.565153031030715,0.999805719859563,0.813017399170349,1.33026016861276
