slope,semiSat,beta,sigma,maxBOLD
0.598604275935198,0.568946818147642,1.0001150725162,0.613494570992771,1.15768787969026
