slope,semiSat,beta,sigma,maxBOLD
0.399979923270695,0.569839517329291,0.999300476074219,0.5,1.48743304671807
