slope,semiSat,beta,sigma,maxBOLD
0.55756652507004,0.570460510105319,0.999022537231445,0.5,1.51034606290558
