slope,semiSat,beta,sigma,maxBOLD
0.468097093066948,0.565863653408595,1.00007328162956,0.822202506096801,1.322641804469
