slope,semiSat,beta,sigma,maxBOLD
0.597586035117509,0.568321041572365,1.00062621075545,0.778470643542278,1.48528411350483
