slope,semiSat,beta,sigma,maxBOLD
0.435225767294307,0.564161971892434,0.999206115722656,0.5,1.44217088695421
