slope,semiSat,beta,sigma,maxBOLD
0.345524716089861,0.573261243515878,1.00021842073183,0.746555944206193,1.48575760133967
