slope,semiSat,beta,sigma,maxBOLD
0.345971540028877,0.559026903078242,0.999003227233887,0.5,1.57153229583637
