slope,semiSat,beta,sigma,maxBOLD
0.497332109415281,0.564970282195743,0.999064159393311,0.5,1.48830338860352
