slope,semiSat,beta,sigma,maxBOLD
0.630957344480193,0.561489736866498,1.00003032373579,0.777970619412372,1.16350598935444
