slope,semiSat,beta,sigma,maxBOLD
0.630957344480193,0.579673696030334,0.999907958984375,0.5,1.51920024562091
