slope,semiSat,beta,sigma,maxBOLD
0.474718583965018,0.563438945770586,0.999153507232666,0.5,1.51631486407619
