slope,semiSat,beta,sigma,maxBOLD
0.392863288985767,0.549565571147714,0.999517465762328,0.855516873532906,1.13801879143892
