slope,semiSat,beta,sigma,maxBOLD
0.434881844290108,0.563706258346084,0.999092849731445,0.5,1.52638009413338
