slope,semiSat,beta,sigma,maxBOLD
0.354019555291679,0.562158596424575,0.999046672821045,0.5,1.58566313457407
