slope,semiSat,beta,sigma,maxBOLD
0.579491604629284,0.5656542014189,1.00005378453957,0.901552200186416,1.29437822152299
