slope,semiSat,beta,sigma,maxBOLD
0.292754720299535,0.559818021451455,1,0.5,1.4909769552318
