slope,semiSat,beta,sigma,maxBOLD
0.554367278752127,0.576650795129783,0.999173477172852,0.5,1.50130966127565
