slope,semiSat,beta,sigma,maxBOLD
0.628369735882869,0.567172475064639,0.999744634818286,0.778732519596815,1.17346816146391
