slope,semiSat,beta,sigma,maxBOLD
0.394124394044027,0.566087950958596,0.999,0.5,1.43858994277187
