slope,semiSat,beta,sigma,maxBOLD
0.555062208777768,0.568105329543241,0.999834407806397,0.5,1.3910583484959
