slope,semiSat,beta,sigma,maxBOLD
0.401853367186488,0.572548788435838,0.999540096282959,0.5,1.52084736055659
