slope,semiSat,beta,sigma,maxBOLD
0.432581591567505,0.564055130986664,0.999968062400818,0.8593590259552,1.28093772226427
