slope,semiSat,beta,sigma,maxBOLD
0.506300031858869,0.552225596380836,0.999664595925271,0.742941724347475,1.2041323136279
