slope,semiSat,beta,sigma,maxBOLD
0.630865658544165,0.5565719471883,1.00068181965157,0.707610672674491,1.10723370282563
