slope,semiSat,beta,sigma,maxBOLD
0.56592488212602,0.561630498658565,0.999798400878906,0.5,1.45751802429246
