slope,semiSat,beta,sigma,maxBOLD
0.605408924665952,0.563005625178895,0.999600415673107,0.773371238261461,1.36840828002801
