slope,semiSat,beta,sigma,maxBOLD
0.405110330917287,0.568120299881279,0.999,0.5,1.46146852607818
