slope,semiSat,beta,sigma,maxBOLD
0.401128658772686,0.566625217064346,0.999362976074219,0.5,1.49425417634784
