slope,semiSat,beta,sigma,maxBOLD
0.506186760114252,0.567790473716736,1.00011223656312,0.859483120031655,1.58612318488655
