slope,semiSat,beta,sigma,maxBOLD
0.489725746099941,0.554530911213041,1.00031312952843,0.863508184498642,1.23145129215614
