slope,semiSat,beta,sigma,maxBOLD
0.504417310594477,0.558733688493574,0.999986199465115,0.859278037849435,1.40054104773071
