slope,semiSat,beta,sigma,maxBOLD
0.47158843054328,0.555937438362173,0.999513210406527,0.777607346186414,1.37314830303178
