slope,semiSat,beta,sigma,maxBOLD
0.31653613183643,0.553391296648963,1.00098726828223,0.84703173055459,1.48818324264104
