slope,semiSat,beta,sigma,maxBOLD
0.415120660984952,0.562709390466405,1.00039181502216,0.855158622885938,1.21923727139774
