slope,semiSat,beta,sigma,maxBOLD
0.477128552444578,0.570230062898106,0.999,0.5,1.43167861812246
