slope,semiSat,beta,sigma,maxBOLD
0.511561114207303,0.554269804301314,0.99996533294511,0.777915168233449,1.39677611626531
