slope,semiSat,beta,sigma,maxBOLD
0.497739062553194,0.56068215017384,1.00007782831253,0.673768508655485,1.15529364689333
