slope,semiSat,beta,sigma,maxBOLD
0.353295014899452,0.565608533329488,0.999441843297333,0.5,1.56814832978309
