slope,semiSat,beta,sigma,maxBOLD
0.378296245678572,0.559818021451455,0.999,0.5,1.53331828294615
