slope,semiSat,beta,sigma,maxBOLD
0.38451058048433,0.565968627689274,0.999000442504883,0.5,1.48724512306149
