slope,semiSat,beta,sigma,maxBOLD
0.618838248737351,0.571825059178658,0.999476745605469,0.5,1.50552059790621
