slope,semiSat,beta,sigma,maxBOLD
0.456488439589659,0.557546117453473,1.00036490560789,0.859537079930305,1.40231731202687
