slope,semiSat,beta,sigma,maxBOLD
0.630946174128067,0.549822787477588,0.999839924907079,0.78616559546208,1.2536472969746
