slope,semiSat,beta,sigma,maxBOLD
0.565247279996618,0.559307750354193,1.00018678937614,0.711147526002605,1.3000176412091
