slope,semiSat,beta,sigma,maxBOLD
0.502715411292894,0.556640799408585,0.999613567978493,0.8173207751679,1.19011912585078
