slope,semiSat,beta,sigma,maxBOLD
0.390868196085235,0.563468640906958,1.00017552185059,0.5,1.49510773697237
