slope,semiSat,beta,sigma,maxBOLD
0.478801567307105,0.571634227676147,0.999,0.5,1.50317132157452
