slope,semiSat,beta,sigma,maxBOLD
0.512389113830401,0.556912012748925,0.999880862620892,0.855182556610089,1.25743862810811
