slope,semiSat,beta,sigma,maxBOLD
0.378296245678572,0.559818021451455,1,0.5,1.54395249983561
