slope,semiSat,beta,sigma,maxBOLD
0.453666944905055,0.569784461915042,0.999139678955078,0.5,1.49068263236715
