slope,semiSat,beta,sigma,maxBOLD
0.620597333581408,0.556589350515225,1.00037012187269,0.909311399846047,1.26971793060188
