slope,semiSat,beta,sigma,maxBOLD
0.384559978309809,0.568945525629289,0.999,0.5,1.50998164798524
