slope,semiSat,beta,sigma,maxBOLD
0.629515922373644,0.56443023783342,0.99992819023109,0.778191005170811,1.46237599356588
