slope,semiSat,beta,sigma,maxBOLD
0.416674978290426,0.550499628430342,1.00080755692191,0.855386389303931,1.29943572386175
