slope,semiSat,beta,sigma,maxBOLD
0.404781316900626,0.568060420895954,0.999,0.5,1.45022561066238
