slope,semiSat,beta,sigma,maxBOLD
0.480058595833693,0.569853282014041,0.999209053039551,0.5,1.4612301809478
