slope,semiSat,beta,sigma,maxBOLD
0.527075968670875,0.560711431277429,1.00007705393434,0.812982034869492,1.37624193125387
