slope,semiSat,beta,sigma,maxBOLD
0.540391787426443,0.561630498658565,0.999,0.5,1.3359189984339
