slope,semiSat,beta,sigma,maxBOLD
0.483843142123191,0.563607238904586,0.999127502441406,0.5,1.55145916226994
