slope,semiSat,beta,sigma,maxBOLD
0.300162907092943,0.570098555714145,1.00010360307596,0.851242449891288,1.53016189119911
