slope,semiSat,beta,sigma,maxBOLD
0.356262424841155,0.566545589921899,0.999197265625,0.5,1.56951869187752
