slope,semiSat,beta,sigma,maxBOLD
0.312574348248281,0.549645155310093,0.999231456142967,0.769807052358374,1.38183192242054
