slope,semiSat,beta,sigma,maxBOLD
0.560451194576093,0.554943132981818,1.00042577308347,0.778727100081596,1.31528266156504
