slope,semiSat,beta,sigma,maxBOLD
0.5747216600655,0.567727986374108,0.999243283232674,0.768639120738953,1.4871153070149
