slope,semiSat,beta,sigma,maxBOLD
0.630957344480193,0.561318453715371,1.00009612106718,0.737359212245792,1.31259231856527
