slope,semiSat,beta,sigma,maxBOLD
0.509771073923542,0.552089623782865,0.999532213324826,0.778177054085972,1.15798236496366
