slope,semiSat,beta,sigma,maxBOLD
0.489782545344311,0.580678558705134,1.00011127285429,0.85972589436733,1.393308315972
