slope,semiSat,beta,sigma,maxBOLD
0.446203864402521,0.558373566138606,0.999677754490491,0.813410696329811,1.11906606936722
