slope,semiSat,beta,sigma,maxBOLD
0.624804666456079,0.556532224671395,1.00098271851533,0.778168285251013,1.430660104038
