slope,semiSat,beta,sigma,maxBOLD
0.425959777302521,0.566764591494064,0.999281951904297,0.5,1.44835262526312
