slope,semiSat,beta,sigma,maxBOLD
0.443842620887173,0.574483214427324,0.99964208984375,0.5,1.52496206733654
