slope,semiSat,beta,sigma,maxBOLD
0.621818468098294,0.568644263151561,0.999853540025826,0.678984626283636,1.13831507022544
