slope,semiSat,beta,sigma,maxBOLD
0.527018589909152,0.560038161060114,1.00016326977126,0.859369857702404,1.4285410831811
