slope,semiSat,beta,sigma,maxBOLD
0.55707699233571,0.573615946003115,0.999,0.5,1.42224416915021
