slope,semiSat,beta,sigma,maxBOLD
0.28595364938377,0.576874356260611,0.999493035045976,0.804742504682508,1.6379367891163
