slope,semiSat,beta,sigma,maxBOLD
0.596375967292933,0.582217213672887,0.999087795853615,0.5,1.47421969474929
