slope,semiSat,beta,sigma,maxBOLD
0.406206417345722,0.565297945449087,1.00040774192888,0.859449388779467,1.24781979178838
