slope,semiSat,beta,sigma,maxBOLD
0.39215476978876,0.580771145274023,0.999992370072228,0.742067556784605,1.58889429345072
