slope,semiSat,beta,sigma,maxBOLD
0.383407751274644,0.565963656432248,0.999122253417969,0.5,1.45547139271112
