slope,semiSat,beta,sigma,maxBOLD
0.396805920267274,0.574829605241297,0.999836602687836,0.5,1.51218105911832
