slope,semiSat,beta,sigma,maxBOLD
0.306237269933445,0.583494796318461,0.999597702026367,0.5,1.5035667443309
