slope,semiSat,beta,sigma,maxBOLD
0.535505223969123,0.547458229262893,1.00002713761106,1.07824754226021,1.17789520165467
