slope,semiSat,beta,sigma,maxBOLD
0.630777908441414,0.542826399785393,0.999722481031469,0.722416939201139,0.725743042248643
