slope,semiSat,beta,sigma,maxBOLD
0.598633087797712,0.549424932517238,1.00006773897122,0.876290404979954,1.26250310688589
