slope,semiSat,beta,sigma,maxBOLD
0.367961854026101,0.534329213122354,0.999835753741674,0.933805151435081,1.51004816923216
