slope,semiSat,beta,sigma,maxBOLD
0.575430952127562,0.556482238074044,0.999943242131267,0.937826032983139,1.38963874417991
