slope,semiSat,beta,sigma,maxBOLD
0.481662446371278,0.566179939272608,1.00015023388126,0.837835742655443,1.14172484756195
