slope,semiSat,beta,sigma,maxBOLD
0.586903763649283,0.576738174852765,0.999384243011475,0.5,1.42544824205896
