slope,semiSat,beta,sigma,maxBOLD
0.30531870943053,0.590444660046885,0.999685485839844,0.5,1.61714728861671
