slope,semiSat,beta,sigma,maxBOLD
0.418674514981724,0.563448843975489,0.999,0.5,1.46337935893862
