slope,semiSat,beta,sigma,maxBOLD
0.529109838906262,0.557599828912338,1.00023580932617,0.5,1.39918562175618
