slope,semiSat,beta,sigma,maxBOLD
0.552053902747041,0.560746706351638,1.00018543235026,0.799435887121945,1.25945894898988
