slope,semiSat,beta,sigma,maxBOLD
0.555201035684926,0.576578691183853,0.999871884571505,0.893293756103958,1.13332043160681
