slope,semiSat,beta,sigma,maxBOLD
0.630957344480193,0.559818021451455,1,0.5,1.48253909259543
