slope,semiSat,beta,sigma,maxBOLD
0.594667440332427,0.560659201903481,0.999655896557495,0.867266608867794,1.36029381246357
