slope,semiSat,beta,sigma,maxBOLD
0.284215904116129,0.579918147219238,0.999070526123047,0.5,1.49804401696605
