slope,semiSat,beta,sigma,maxBOLD
0.2824092427208,0.559818021451455,1,0.5,1.55800202491569
