slope,semiSat,beta,sigma,maxBOLD
0.219963513908398,0.573919742511626,1.00042078179587,0.893261681252625,1.52642528354693
