slope,semiSat,beta,sigma,maxBOLD
0.273476310001694,0.547650540952119,1.00016638428022,0.933843940479164,1.05563898907841
