slope,semiSat,beta,sigma,maxBOLD
0.630952279609674,0.579945714539862,1.00030927729925,0.992170665263984,1.30962177807096
