slope,semiSat,beta,sigma,maxBOLD
0.488283304458655,0.559818021451455,0.999,0.5,1.46729527776677
