slope,semiSat,beta,sigma,maxBOLD
0.537777994648366,0.580815350535963,1.00022406005859,0.5,1.48888524948616
