slope,semiSat,beta,sigma,maxBOLD
0.250850340674766,0.567732387827836,0.999000617478276,0.780931369983591,1.09855777794018
