slope,semiSat,beta,sigma,maxBOLD
0.435278989398223,0.567856593365135,0.999110254162108,0.884953912769561,1.32550462981889
