slope,semiSat,beta,sigma,maxBOLD
0.603528430516273,0.571997538751729,1.00023319886198,0.72217681505208,1.17039575559115
