slope,semiSat,beta,sigma,maxBOLD
0.530328341693368,0.57235986567354,1.00017415349877,0.871824777949769,1.25835177485749
