slope,semiSat,beta,sigma,maxBOLD
0.558856790012417,0.525768428099066,0.999326400791295,0.660322607029229,0.662012892824158
