slope,semiSat,beta,sigma,maxBOLD
0.620334927247855,0.561831421484408,0.999835347665226,0.799343929498718,1.20168389060201
