slope,semiSat,beta,sigma,maxBOLD
0.348829574637107,0.55489311962597,0.999855201250241,0.988257378524395,1.63741829185771
