slope,semiSat,beta,sigma,maxBOLD
0.381770318844412,0.533957036961106,1.00040256988071,0.996118079638109,1.58063312850867
