slope,semiSat,beta,sigma,maxBOLD
0.38965984522489,0.570019735881874,0.999071846008301,0.5,1.55992386786733
