slope,semiSat,beta,sigma,maxBOLD
0.392478266608893,0.591836217141082,1.00000094604492,0.5,1.69424444216316
