slope,semiSat,beta,sigma,maxBOLD
0.617188009937685,0.58212285202082,0.999190124511719,0.5,1.56702488915006
