slope,semiSat,beta,sigma,maxBOLD
0.621214746734087,0.546760147614775,0.999578063365549,0.625796066467956,0.749621754821231
