slope,semiSat,beta,sigma,maxBOLD
0.630957344480193,0.572629259318932,0.999179992675781,0.5,1.47272318079955
