slope,semiSat,beta,sigma,maxBOLD
0.264271946333584,0.564175000031176,0.999868165135849,0.885021886908362,1.73784839383839
