slope,semiSat,beta,sigma,maxBOLD
0.294808283638198,0.579464150464755,0.999966402994702,1.00707608653465,1.48645311208722
