slope,semiSat,beta,sigma,maxBOLD
0.261494258791496,0.644200408819535,1.00010198974609,0.5,1.46990164322428
