slope,semiSat,beta,sigma,maxBOLD
0.502855820548295,0.579164753623145,0.999842575073242,0.5,1.40101112893048
