slope,semiSat,beta,sigma,maxBOLD
0.310052230673367,0.569214200745687,0.999524913787842,0.5,1.60227633941815
