slope,semiSat,beta,sigma,maxBOLD
0.312130305547992,0.559818021451455,1,0.5,0.56776287919395
