slope,semiSat,beta,sigma,maxBOLD
0.238233855348774,0.553053740530476,0.999850479125977,0.5,1.57641238996828
