slope,semiSat,beta,sigma,maxBOLD
0.36189702539558,0.55466179826511,1.00029605156183,0.937816835939884,1.16688218584528
