slope,semiSat,beta,sigma,maxBOLD
0.630957344480193,0.584911073867376,0.999900451660156,0.5,1.44583999057763
