slope,semiSat,beta,sigma,maxBOLD
0.604730350229117,0.585864507773198,1.00008907985874,1.07871817890555,1.46864330908329
