slope,semiSat,beta,sigma,maxBOLD
0.117563511795114,0.574233125003667,0.999814787134703,0.945745860182797,1.61349383925215
