slope,semiSat,beta,sigma,maxBOLD
0.279310747112352,0.568779385446124,1.00021685791016,0.5,1.46716414021716
