slope,semiSat,beta,sigma,maxBOLD
0.628493290294807,0.569380427606784,0.999994951796369,0.941807690702262,1.32651522739014
