slope,semiSat,beta,sigma,maxBOLD
0.488283304458655,0.559818021451455,1,0.5,0.484921523294142
