slope,semiSat,beta,sigma,maxBOLD
0.379227782436118,0.537536197540213,0.999135437011719,0.5,1.50815965545629
