slope,semiSat,beta,sigma,maxBOLD
0.412012970958806,0.483014269284158,1.00047479248047,0.5,1.60389869144346
