slope,semiSat,beta,sigma,maxBOLD
0.488283304458655,0.559818021451455,1,4,1.32327418526795
