slope,semiSat,beta,sigma,maxBOLD
0.364994818733281,0.564700815625338,0.999783393462421,0.938265334407333,1.32404415932379
