slope,semiSat,beta,sigma,maxBOLD
0.0946660128246039,0.575472570991575,0.99995232865744,0.697688610613113,1.70575194596732
