slope,semiSat,beta,sigma,maxBOLD
0.630957344480193,0.577640288770274,0.999579307079315,0.565390765666962,1.75430347476024
