slope,semiSat,beta,sigma,maxBOLD
0.618164592848489,0.574584144655178,0.99913542175293,0.5,1.51410706855099
