slope,semiSat,beta,sigma,maxBOLD
0.444998023118551,0.554501676101219,0.999909511775943,0.929966230934951,1.40239336799458
