slope,semiSat,beta,sigma,maxBOLD
0.520599691300368,0.559818021451455,1,1.000732421875,1.39096220183911
