slope,semiSat,beta,sigma,maxBOLD
0.521249430230582,0.562637768370144,0.999892990112305,0.5,1.48835214830537
