slope,semiSat,beta,sigma,maxBOLD
0.383507954193008,0.562562407586556,1.00005650615692,0.5,1.5436276727125
