slope,semiSat,beta,sigma,maxBOLD
0.320239466446083,0.557031976919623,0.999876022338867,0.5,1.55779426393097
