slope,semiSat,beta,sigma,maxBOLD
0.502467297108795,0.562655747376583,0.999776449684243,0.880659160852701,1.13371324490235
