slope,semiSat,beta,sigma,maxBOLD
0.522731069905214,0.554750186949225,1.00037553372667,0.937880120761747,1.25944310326437
