slope,semiSat,beta,sigma,maxBOLD
0.366012905647044,0.577701494710965,1.00025109863281,0.5,1.4541651768815
