slope,semiSat,beta,sigma,maxBOLD
0.356849846628679,0.556541795033942,0.999932491147163,0.988238371315674,1.22320671100275
