slope,semiSat,beta,sigma,maxBOLD
0.546386549881854,0.566048173740534,0.999660064697266,0.5,1.59829956043699
