slope,semiSat,beta,sigma,maxBOLD
0.203374552166351,0.55219370194432,0.999000817962922,0.688967883703299,1.76553890337514
