slope,semiSat,beta,sigma,maxBOLD
0.503045472331202,0.551564602718327,1.00004219906178,0.665143364254618,0.99776518996225
