slope,semiSat,beta,sigma,maxBOLD
0.549505348411286,0.577072619532823,1.00031994628906,0.5,1.51399487803454
