slope,semiSat,beta,sigma,maxBOLD
0.493075947978231,0.572870739834955,0.999410888671875,0.5,1.56615345730818
