slope,semiSat,beta,sigma,maxBOLD
0.316147780137432,0.577397114739175,1.00041015625,0.5,1.51841450131775
