slope,semiSat,beta,sigma,maxBOLD
0.614516399547025,0.570686775662517,0.999425923942574,1.19001170784395,1.3664235398057
