slope,semiSat,beta,sigma,maxBOLD
0.259637254569195,0.564285870740502,1.00048342227936,0.5,1.66372804005656
