slope,semiSat,beta,sigma,maxBOLD
0.384486939326082,0.56622719323543,0.999621337890625,0.5,1.4268360203406
