slope,semiSat,beta,sigma,maxBOLD
0.297319035771399,0.570109673364328,1.0009392655444,0.72282588294911,1.51043860529667
