slope,semiSat,beta,sigma,maxBOLD
0.349399147584607,0.551920923074899,0.999357467609458,0.885019428562373,1.46847408607448
