slope,semiSat,beta,sigma,maxBOLD
0.467335644036384,0.569979682389665,0.99935009765625,0.5,1.49027625555892
