slope,semiSat,beta,sigma,maxBOLD
0.53345910899541,0.567302499789822,1.00048831176758,0.5,1.46750716598293
